{
  "HTTP Request for login" : {
    "transaction" : "HTTP Request for login",
    "sampleCount" : 75,
    "errorCount" : 0,
    "errorPct" : 0.0,
    "meanResTime" : 125.0,
    "medianResTime" : 125.0,
    "minResTime" : 121.0,
    "maxResTime" : 138.0,
    "pct1ResTime" : 128.4,
    "pct2ResTime" : 131.2,
    "pct3ResTime" : 138.0,
    "throughput" : 21.434695627322093,
    "receivedKBytesPerSec" : 15.573646041726207,
    "sentKBytesPerSec" : 11.734658563160902
  },
  "HTTP Request for Homepage" : {
    "transaction" : "HTTP Request for Homepage",
    "sampleCount" : 75,
    "errorCount" : 0,
    "errorPct" : 0.0,
    "meanResTime" : 178.67999999999995,
    "medianResTime" : 125.0,
    "minResTime" : 121.0,
    "maxResTime" : 571.0,
    "pct1ResTime" : 378.4,
    "pct2ResTime" : 380.4,
    "pct3ResTime" : 571.0,
    "throughput" : 19.001773498859894,
    "receivedKBytesPerSec" : 64.68767814162655,
    "sentKBytesPerSec" : 7.422567772992146
  },
  "Total" : {
    "transaction" : "Total",
    "sampleCount" : 225,
    "errorCount" : 0,
    "errorPct" : 0.0,
    "meanResTime" : 163.97777777777782,
    "medianResTime" : 126.0,
    "minResTime" : 121.0,
    "maxResTime" : 571.0,
    "pct1ResTime" : 232.8,
    "pct2ResTime" : 376.09999999999997,
    "pct3ResTime" : 440.4600000000007,
    "throughput" : 52.53327107167873,
    "receivedKBytesPerSec" : 92.98753794069576,
    "sentKBytesPerSec" : 27.61074852614989
  },
  "HTTP Request for pizza endpoint" : {
    "transaction" : "HTTP Request for pizza endpoint",
    "sampleCount" : 75,
    "errorCount" : 0,
    "errorPct" : 0.0,
    "meanResTime" : 188.25333333333336,
    "medianResTime" : 182.0,
    "minResTime" : 142.0,
    "maxResTime" : 241.0,
    "pct1ResTime" : 232.8,
    "pct2ResTime" : 236.2,
    "pct3ResTime" : 241.0,
    "throughput" : 20.94972067039106,
    "receivedKBytesPerSec" : 24.70703125,
    "sentKBytesPerSec" : 13.379997381284916
  }
}